date,symbol,pred,pred_score,volatility,volatility_short,roc,rsi,mfi,sto,bba,dch,Volume,Close,strategy
2020-12-24,AP,1,0.6596791726588245,0.04722823052058397,0.02151656696188479,31.67420814479639,50.502688471234485,0.0,61.166615666021976,2.991925132753215,2.7799999999999994,72708.0,5.82,MFI
2020-12-24,LXU,1,0.675606401772886,0.04236339489241774,0.02475339520882474,25.9090909090909,49.14824299355778,12.888129457305695,34.027777777777594,0.5339662910690457,0.71,58938.0,2.77,MFI
2020-12-24,CTRA,1,0.6690090571134598,0.04097621854302318,0.02395379757122392,61.96078431372549,48.105364679539086,18.91288753930428,74.29479405293563,10.101344662972645,7.34,44239.0,12.39,MFI
2020-12-24,OIS,1,0.6793962314129917,0.03792687311702984,0.03820216800980041,75.60975609756096,47.63063110204571,14.56727463753289,37.03703703703691,0.9858519158725851,1.17,274738.0,5.04,MFI
2020-12-24,CMRX,1,0.6650998264042484,0.0362598472098236,0.03273223826424696,81.61764705882352,43.29251396101556,0.0,74.13540417594544,2.7605934144672375,2.1399999999999997,231483.0,4.94,MFI
2020-12-24,MTNB,1,0.6948714213513663,0.03255118945117865,0.040536599022817206,11.642857142857144,22.15648244881193,9.71071386220612,13.980448482485196,0.1683270150630477,0.3318,2052924.0,0.9378,STO
2020-12-24,FNKO,1,0.686748462746446,0.03253970898549928,0.016386413443665343,78.85906040268456,40.02265129950793,0.0,48.53427832434321,3.69421967403116,4.18,233149.0,10.66,MFI
2020-12-24,BGSF,1,0.6897594574226811,0.032402940563157685,0.020533826843323943,49.76780645391164,32.703624508211234,55.61245812533146,7.690126606138264,2.1076802414027505,3.34,26666.0,12.61,STO
2020-12-24,BHR,1,0.6961267757978564,0.031807869415660966,0.0314166038843314,72.5,25.63061170021848,0.0,12.248144220572899,1.0183044731301933,0.9600000000000009,282640.0,4.14,STO
2020-12-24,REVG,1,0.6988979366510902,0.030396255446945148,0.01738835452496227,13.070283600493227,43.899178054772335,39.266283103199505,18.032786885245937,1.7179930151194007,1.83,87846.0,9.17,STO
2020-12-24,SGMA,1,0.6860764805037682,0.03027064669712059,0.019917591106550333,34.28571428571429,62.664871775463254,19.44049692762168,73.8638146398991,2.144816076030851,1.6800000000000006,9987.0,4.7,MFI
2020-12-24,SRGA,1,0.6801718713532297,0.029260699130131317,0.025398994079564256,31.282051282051288,48.2422044161884,19.959706086046026,69.18238993710669,0.5379962825152633,0.6599999999999997,100655.0,2.56,MFI
2020-12-24,DRRX,1,0.6889072895812217,0.02913581771213073,0.02376775766370365,14.973262032085549,44.83998308424214,0.0,58.494053359048166,0.6949964028683944,0.7100000000000002,289170.0,2.15,MFI
2020-12-24,KNSA,1,0.6865822369577915,0.028469849032509043,0.04299349342853368,9.69976905311778,49.62504163737212,13.754951807663033,59.210526315789444,3.07742018580511,3.799999999999997,218356.0,19.0,MFI
2020-12-24,ISNS,1,0.6922221424239581,0.028407804554242317,0.011409008501119517,23.835616438356155,48.675339239515274,52.26059841884229,19.594594594594486,0.5608957122316429,1.4800000000000004,25100.0,4.52,STO
2020-12-24,PRTK,1,0.6816910948798974,0.028348828414866998,0.013758324101587876,34.552845528455286,50.38401104532096,13.590461544478217,41.066666666666656,1.0972893875370602,1.25,112472.0,6.62,MFI
2020-12-24,PRTA,1,0.6832916482190001,0.028000315447130032,0.01451309931253345,10.794979079497917,57.93265988988266,10.308943526179064,82.17274439674549,3.8986253987861765,3.16,122628.0,13.24,MFI
2020-12-24,DAKT,1,0.6962078169189307,0.027378176935171868,0.01867293945407344,24.031007751937977,43.870290027403065,9.278309205924685,33.45828857858947,0.920139119917657,1.0899999999999999,68230.0,4.8,MFI
2020-12-24,HNRG,1,0.6927002396887267,0.02687465660145464,0.017061311580269946,35.526315789473685,42.766343659433566,44.78971150138485,19.89367357788405,0.21387847015863903,0.2579999999999999,71269.0,1.03,STO
2020-12-24,PKOH,1,0.6843063242652615,0.02599724833182018,0.019411201807982798,60.224047955615546,33.81678585953915,0.0,16.98512654388445,6.446070430891197,6.949999999999999,10610.0,30.15,STO
2020-12-24,IDT,1,0.697571498824296,0.02586627819771245,0.008973848281026459,22.58064516129031,40.353247674955476,71.10616953051368,12.431891605188332,1.9579693562461316,2.7300000000000004,35826.0,12.54,STO
2020-12-24,III,1,0.6999665103252737,0.02254867447305708,0.007189412518753881,44.28571428571427,38.20536406508843,59.11577726422786,17.365560361536254,0.437972601882918,0.5350000000000001,49505.0,3.03,STO
2020-12-24,LCUT,1,0.6946121454843909,0.022319181396052233,0.02216096031419902,35.32841896798327,41.4198537727545,15.568442570896835,72.83333333333336,2.371877737153053,2.5600000000000005,27547.0,14.76,MFI
2020-12-24,NWFL,1,0.6914496819929807,0.021852860862690105,0.013157504655692329,8.381265406737876,41.67125504482205,15.170094367901541,29.16286909027497,3.2169668944502305,3.5600000000000023,2209.0,26.38,MFI
2020-12-24,WTRH,1,0.7110699715226616,0.021476179102317892,0.005987034278155027,11.0344827586207,22.622976399432446,26.649423980845697,9.65579496840539,0.7943922205111464,1.4900000000000002,1263484.0,3.22,STO
2020-12-24,AMAL,1,0.6938834240377904,0.021071885935371962,0.022054157491614833,15.21535303707334,49.52603175118865,19.45376136587703,30.40935672514621,1.4853147814521996,2.1400000000000006,32002.0,13.64,MFI
2020-12-24,FUSB,1,0.6607941007509897,0.020949675492309715,0.005882821803708155,23.01636117603642,41.69871932986392,0.0,15.2872241583618,1.3637709661077189,1.5373665068181825,0.0,9.0,STO
2020-12-24,FUSB,1,0.6607941007509897,0.020949675492309715,0.005882821803708155,23.01636117603642,41.69871932986392,0.0,15.2872241583618,1.3637709661077189,1.5373665068181825,0.0,9.0,MFI
2020-12-24,FET,1,0.718680701260089,0.020914988166877133,0.014366149821220291,19.496250721015173,26.372929753566382,33.380882867661455,18.706398706398854,1.4200901401434578,2.2700000000000014,8319.0,12.43,STO
2020-12-24,FUNC,1,0.692843879132897,0.020243666927684777,0.006172734759454364,20.754716981132077,39.41423261040938,73.27626988572952,17.07075705096482,1.9150519575200065,2.230000000000002,2030.0,16.0,STO
2020-12-24,SCX,1,0.6982670822443123,0.01965791243590228,0.007320156481912556,35.8108108108108,37.88546543669791,29.064129873403502,16.66666666666657,0.5964288829377367,0.75,3417.0,4.02,STO
2020-12-24,DLA,1,0.6987324373075103,0.01949158849635379,0.012533551798810601,12.594799566630549,34.52136068240888,17.950067391286666,12.13403298625415,3.547507716693822,3.639900000000001,5855.0,20.785,STO
2020-12-24,GHM,1,0.6959474320491781,0.019236808703133823,0.007435230010353176,10.979023083636795,38.7196502311308,4.874344381278334,11.771137509539427,1.9893878455454175,1.83,2751.0,14.75,STO
2020-12-24,ADMS,1,0.7130850834545529,0.01902301128826432,0.01009643350160867,22.78820375335121,21.096387615663744,0.0,8.000556947925508,0.8236771212041099,1.1800000000000006,68779.0,4.58,STO
2020-12-24,RBNC,1,0.6914981608126942,0.01893732098569835,0.025633355978495094,17.047085572025562,40.389958208420595,7.610827910067215,38.827838827838825,1.600699846941687,2.7300000000000004,4344.0,18.43,MFI
2020-12-24,RMNI,1,0.6974188313323694,0.018016688645430986,0.012621106250571805,44.20062695924764,38.80838862074387,7.715368740995231,10.718954248365913,0.7734054564067794,0.903999999999999,68093.0,4.6,STO
2020-12-24,SLCT,1,0.6840176830186784,0.017789715512161772,0.014853731377079581,26.96335078534031,61.745020334543526,14.011991163614212,37.288052640165255,0.7620498671366391,0.8499999999999996,12402.0,9.7,MFI
2020-12-24,FRTA,1,0.6965622006807483,0.01762730862279005,0.010403512198281846,11.696658097686367,35.39236164276382,12.533418932751616,22.055811571940776,2.5484709140977415,2.729999999999997,151592.0,17.38,MFI
2020-12-24,PLYM,1,0.6759367377199892,0.017392768510956648,0.011798101204585361,16.483516483516482,73.21781702741609,19.446629411865885,75.37160233033121,2.288737643331423,2.200000000000001,104196.0,14.84,MFI
2020-12-24,CTT,1,0.6944959143003224,0.017271249725271966,0.010127942699379578,13.127705892424718,39.88350138251331,12.678344304471821,15.364583333333037,1.1797016571995442,1.2799999999999994,77534.0,9.25,MFI
2020-12-24,FCBC,1,0.6931261262260869,0.016961708156971747,0.013471771660099194,12.952858731349073,39.77288352692152,13.46781627087141,18.497109826589654,1.9081341671901484,2.3599999999999994,7732.0,21.84,STO
2020-12-24,PWOD,1,0.684807608217994,0.016916198525060905,0.00814777561831103,25.28309160121428,43.70701984530721,73.73650963276022,16.851517022208146,2.7338001275893262,3.4444845070422545,1714.0,26.0,STO
2020-12-24,FC,1,0.6994711446917508,0.016780579354585812,0.014887889835370677,24.162946428571416,29.99227537860527,56.52865263424936,18.430483434505977,2.386403989264288,2.4300000000000033,14871.0,22.25,STO
2020-12-24,AVID,1,0.6881923025036145,0.016650196072242506,0.007159205270150951,57.1917808219178,45.065798749309714,13.645788626808155,67.49958220099872,3.182438687548075,2.9299999999999997,128967.0,13.77,MFI
2020-12-24,CPRX,1,0.7083895337158319,0.01642993851075382,0.0027010431432777384,10.322580645161285,23.483559301429935,6.581283940059265,8.788230739450478,0.49903907662620917,0.6300000000000003,896473.0,3.42,STO
2020-12-24,ITIC,1,0.6829557346041015,0.016013626999871532,0.008002877621953598,15.214946417112547,37.539585714149126,8.408811605372861,28.442437923250694,22.491269328333033,26.930000000000007,1332.0,154.59,MFI
2020-12-24,TPRE,1,0.6941541828548999,0.015901650645479673,0.013826389860305087,16.919191919191917,45.201932174926526,11.795153145127301,16.993464052287568,0.9055738512123348,1.0199999999999996,102630.0,9.26,MFI
2020-12-24,OPNT,1,0.6933617015258746,0.014594765986070402,0.009254369334237907,11.336032388663964,50.24599321817786,53.27247191039678,14.330218068535922,0.698555652755342,2.1399999999999997,19069.0,8.25,STO
2020-12-24,MOFG,1,0.6961537819149803,0.014352422494656066,0.013705618687521156,16.01604904619122,36.24185538715945,14.766519047154887,18.882466281310425,2.248967763217763,2.6000000000000014,19148.0,24.26,STO
2020-12-24,MBWM,1,0.6825261457535535,0.014286465710566725,0.016960592105435494,23.902097329555012,67.59778557671692,18.16476009529562,78.73898854573422,3.2502286592791165,4.15122170573969,14036.0,27.24,MFI
2020-12-24,FORR,1,0.6978616590192014,0.014124655302465566,0.012539819193902412,11.010433827567265,30.35526137489228,5.649459179759546,11.192595842881076,4.990523419441786,5.375,17111.0,40.43,STO
2020-12-24,FNLC,1,0.6968973856486734,0.013886384116984554,0.0059785152988328615,7.372072853425858,42.57131702007017,11.613579877440444,25.12437810945258,2.2743535345229517,2.6799999999999997,4395.0,24.76,MFI
2020-12-24,ALX,1,0.6705500536868562,0.013613746949344585,0.007263006810051927,14.530331762452828,41.03953809897754,16.953086302776526,25.712623618382622,21.138833553418408,22.920000000000016,2036.0,274.5,MFI
2020-12-24,GNTY,1,0.6932513146550332,0.012918658185149388,0.004174462727692811,8.17898705130307,43.01467914975259,10.942296610313278,43.66560860034367,2.668591050797879,3.2981995399766717,11345.0,30.36,MFI
2020-12-24,GSBC,1,0.6876110646447594,0.012869429349877474,0.009693355826624915,28.12989296028742,69.56295414770909,18.283326646200692,73.54301143689041,4.204371943345379,5.2986659716347475,23329.0,50.0,MFI
2020-12-24,BBSI,1,0.6995537677934918,0.011861104774836626,0.01473238209914458,15.227719841484985,29.448032980877997,13.013894445819133,40.03340210236781,6.025511098655755,9.909999999999997,26116.0,69.29,MFI
2020-12-24,PFBI,1,0.693021875641845,0.0116481837022853,0.006709205734993294,20.361435213615227,29.38484314811174,7.738117070205689,18.515578130645036,1.3546775998752985,1.8887496619083421,9630.0,13.72,STO
2020-12-24,FFBW,1,0.6886857783825271,0.007741251503883065,0.007109013455609804,8.296943231441045,57.77357827148016,7.514186491769152,49.66966966966957,0.364174279158032,0.46499999999999986,635.0,9.92,MFI
2020-12-24,ICCH,1,0.6603405271561672,0.006254926666887454,0.0003460558120930614,12.0,50.304554772010654,0.0,60.8695652173912,1.3322402185798126,1.4499999999999993,0.0,14.0,MFI
2020-12-24,ELOX,0,0.6200138565833981,0.06027620661281219,0.0584442679397206,53.21428571428572,69.30261475106076,10.227386143963045,37.02770780856415,2.3349713060346815,3.9699999999999998,40177.0,4.29,MFI
2020-12-24,CWBR,0,0.6393984351899745,0.04376624177993913,0.041296187202065016,48.421052631578945,60.58144678562504,5.565470630629463,52.929386370644615,0.3665787773447571,0.47,157351.0,1.41,MFI
2020-12-24,MTNB,0,0.6094816834218424,0.03255118945117865,0.040536599022817206,11.642857142857144,22.15648244881193,9.71071386220612,13.980448482485196,0.1683270150630477,0.3318,2052924.0,0.9378,RSI
2020-12-24,FET,0,0.6182747734350864,0.020914988166877133,0.014366149821220291,19.496250721015173,26.372929753566382,33.380882867661455,18.706398706398854,1.4200901401434578,2.2700000000000014,8319.0,12.43,RSI
2020-12-24,FCCY,0,0.6073916993113158,0.01874799038460693,0.009735339827411475,36.470929436312225,28.60015930845188,0.0,26.84078472219375,2.9567203114263467,2.5799999999999983,6800.0,16.94,RSI
2020-12-23,QUAD,1,0.6685798253062104,0.049823495674556316,0.04914794006420783,27.598566308243726,46.00799171826668,34.61793478207534,19.01840490797512,0.8520539889053547,1.8099999999999996,272679.0,3.56,STO
2020-12-23,RAIL,1,0.6652414120130213,0.047718921260195814,0.01850152825842845,24.17061611374409,49.5516168068585,30.05982737499528,15.525606469002666,0.9021285939447301,1.72,237825.0,2.62,STO
2020-12-23,GNLN,1,0.6664449826916643,0.046353044357803956,0.031165248270183757,44.74576271186439,50.13057229655471,15.137214186772098,52.5773779211227,1.444542834255662,2.1800000000000006,307408.0,4.27,MFI
2020-12-23,WYY,1,0.6651710904040208,0.04376357194743529,0.013900951433779202,66.84684684684686,35.26863801857213,42.172683440988386,15.377777777777666,1.9867762833293625,7.6,411737.0,9.26,STO
2020-12-23,USWS,1,0.6570569431663568,0.04212484625735651,0.06191764693506878,43.58064516129032,42.73289566372964,11.348769978279265,30.127777777777727,0.125999763517749,0.15000000000000002,531062.0,0.4451,MFI
2020-12-23,BELFB,1,0.674324377744822,0.039279085076486774,0.027293583922540977,54.69194312796207,41.836606636855386,10.961753118735587,62.26166995397788,5.202351391438112,5.07,27620.0,16.32,MFI
2020-12-23,VIRC,1,0.6874253777408583,0.038843339167579385,0.0452365349713897,9.859154929577464,40.67580455281315,0.0,43.74999999999992,0.46514943835378286,0.6400000000000001,8149.0,2.34,MFI
2020-12-23,CALA,1,0.6581876970183117,0.03838264338115062,0.02506968309512407,40.69148936170214,55.487286025062346,10.812571033703378,41.44144144144161,1.2206883304079543,1.665,745820.0,5.29,MFI
2020-12-23,VIE,1,0.6817554624447411,0.02998819634598285,0.0300215362091681,15.884021430822573,47.77803881448924,16.372388806392237,31.809523809523753,6.64610442289289,8.75,177079.0,36.77,MFI
2020-12-23,PBPB,1,0.7318418093595939,0.029526981612945213,0.04038720211668654,10.74168797953964,13.760671257476616,32.731667325223455,9.929078014184249,1.139282230178818,1.1849999999999996,72453.0,4.33,STO
2020-12-23,BBW,1,0.7142464572646945,0.028334988265208264,0.013494227335834792,26.708074534161486,26.84022193587259,0.0,15.226297726297444,0.9349310134987179,1.2000000000000002,45360.0,4.08,STO
2020-12-23,NC,1,0.6946109099934807,0.02713203729333381,0.02951330617593228,30.065737371185353,31.876972393804564,45.16046860871917,18.090755337219623,5.281299881655798,4.710000000000001,9218.0,26.77,STO
2020-12-23,PZN,1,0.6926889561012952,0.025942122792228583,0.011037279681777281,38.21245228379623,40.996176806931594,11.453043102704328,56.33769463027631,1.6513073608504447,1.5399999999999991,64431.0,7.35,MFI
2020-12-23,HAYN,1,0.6909952521834084,0.02550788256327223,0.02773763936387647,48.69646127313566,54.34208595780021,19.622381721561226,44.493864892307755,5.813569694809608,6.050000000000001,55974.0,25.09,MFI
2020-12-23,VRAY,1,0.6815735395916931,0.024624098701083518,0.005589009979833052,26.34920634920635,42.98593520104294,11.816606198537954,27.68296461547992,0.8196944552704721,1.6500000000000004,610316.0,3.98,MFI
2020-12-23,HQI,1,0.6919718506741529,0.02390982470949072,0.02310280500984617,23.511885229763614,41.06738904924864,10.889504580516274,40.93406593406582,1.3672062286279818,2.255700457142856,1798.0,9.41,MFI
2020-12-23,PKBK,1,0.6916352698751221,0.02387086599985591,0.0162738332635997,16.716196136701335,48.32712283976614,18.665100222714457,50.71489543960589,2.580371291112783,2.42,13123.0,15.71,MFI
2020-12-23,ALTA,1,0.6905082414890295,0.02345324433462887,0.010267683260695503,23.884320595149113,41.025547189180905,18.22622308063883,31.665693335929337,4.541481696538604,5.136999999999997,34349.0,27.51,MFI
2020-12-23,UBFO,1,0.6926298079729648,0.023044897385912873,0.018958141508255172,14.754098360655746,43.641352547385864,10.518802403361818,20.69892473118278,0.983827220603045,1.2400000000000002,19511.0,7.0,MFI
2020-12-23,CRAI,1,0.6924160258212768,0.02283022336486914,0.027860149575449702,27.723055544202403,45.669352696389865,18.234275248648757,15.504736904100513,8.401890025467068,9.050000000000004,43736.0,50.0,STO
2020-12-23,BNFT,1,0.6969277830609166,0.0224678293677587,0.01833593415582832,21.428571428571423,35.7748085231091,60.71304388683513,11.717171717171789,1.772650839863168,2.789999999999999,263734.0,13.43,STO
2020-12-23,BDGE,1,0.6892286403039091,0.022016013542057025,0.03403688056638597,27.507021483917026,54.03816636583357,13.98552410957788,32.81047597504239,2.8395288341545637,3.5500000000000007,70803.0,24.47,MFI
2020-12-23,ADMS,1,0.7119827387177355,0.021949628409535755,0.030289300504826006,17.43589743589744,21.096387615663744,0.0,22.198843361634186,0.8857335942568092,1.1800000000000006,136085.0,4.58,MFI
2020-12-23,GHM,1,0.7010534727125238,0.021777973332356218,0.016867212804683028,8.650692823588505,36.92951911444116,16.150063656053362,10.612529222896285,1.9263478398263754,1.7899999999999991,8665.0,14.71,MFI
2020-12-23,ESQ,1,0.6907755996303873,0.02150081585618549,0.01908670140198185,18.36612999403698,46.71580523707021,6.607342687776097,50.52716950527181,3.9388505937646414,4.66,4703.0,19.85,MFI
2020-12-23,BBQ,1,0.6982999194961248,0.021124614717943465,0.028132090817434896,12.65206812652067,35.43153493166594,5.907512741528478,52.08333333333352,0.6426694329120473,0.7999999999999998,6860.0,4.63,MFI
2020-12-23,NTWK,1,0.6946032569234244,0.020893217390530665,0.0070501339800225354,29.824561403508774,39.168968897830396,0.0,47.179487179487076,0.9508228015778624,1.1500000000000004,42114.0,3.7,MFI
2020-12-23,FFIC,1,0.6863165805276832,0.0206020086391509,0.03199864184508125,41.431737626878906,61.28119460785617,18.510162539087077,51.53852564665715,3.3149155534339982,3.326368661971829,157836.0,16.4,MFI
2020-12-23,BMTC,1,0.69210398714905,0.02015344554705829,0.03238741692855527,12.839960589667806,46.09210411226529,18.056192316847202,14.76152623211405,3.3926273004829923,3.3999999999999986,58347.0,30.35,MFI
2020-12-23,TRMT,1,0.6975360831554731,0.019832817212721395,0.01001194899409193,62.70537565799968,33.04309473072318,38.11001646063168,15.971883149793918,0.8216063376098055,0.8559523381373606,32249.0,4.08,STO
2020-12-23,SMSI,1,0.6903183342155872,0.019701382771094053,0.015284515583238057,27.684964200477307,31.174573127549152,23.920248529729392,17.3282465861263,0.7663837159024549,1.0900000000000007,535713.0,5.35,STO
2020-12-23,RMNI,1,0.6960621625331571,0.01909786982334176,0.015885296773693512,42.63322884012538,30.127872529988863,10.563577216561242,23.29813976872794,0.8868460971328531,0.903999999999999,135797.0,4.55,MFI
2020-12-23,FLIC,1,0.6958353730305334,0.018759691943448384,0.026492944264240936,9.987669543773126,50.10411740074794,12.556838856043044,26.31762914138797,1.617893692426918,2.030000000000001,58829.0,17.84,MFI
2020-12-23,BMRC,1,0.6898631772185617,0.018690938282290646,0.017986529564211054,18.96737991195962,42.581107719164855,7.205774192992067,19.536073597173978,4.505195223294876,5.390000000000001,13960.0,36.89,STO
2020-12-23,MCBC,1,0.6931872001278631,0.01851159957928785,0.021152294607533532,16.945140824358194,57.09895648603069,18.192371626485524,38.51113906933354,0.7836198057728652,1.0099999999999998,23502.0,8.35,MFI
2020-12-23,ESP,1,0.7021682054913536,0.018043792883981058,0.022787354877366814,12.099704940817269,29.37442426895022,19.538398129840175,20.302319682425157,3.1681951003059297,4.159223372122458,21850.0,19.68,MFI
2020-12-23,TRNS,1,0.6941078081520949,0.01783578344340426,0.010946643866568177,21.150345831816537,34.18644355070286,17.766336267244583,41.482547399391656,5.887897757266156,5.390000000000001,48315.0,33.28,MFI
2020-12-23,UMH,1,0.6958754718051917,0.017630831925369638,0.008228467705035082,8.522529827406471,34.76096445886941,15.081765904384682,18.438744598949466,2.2070287719011077,2.4700000000000024,136814.0,14.99,MFI
2020-12-23,PKE,1,0.6980346346903513,0.01663959731727468,0.01636351900272037,19.086021505376337,40.000803451793075,7.488959598153201,18.954480796586058,1.4966576094751431,1.5699999999999985,61361.0,13.29,STO
2020-12-23,UEIC,1,0.6912382629492932,0.016578746895064278,0.012132193121774004,35.71243187126913,45.085195167681405,71.63730456656648,18.616394171377888,5.624473664266432,6.3700000000000045,46166.0,52.29,STO
2020-12-23,CTG,1,0.7021918162730881,0.015804409706570637,0.00806319254820323,11.652173913043477,31.432339995013947,14.161894709034854,12.918696423851117,0.8710889736409797,0.9699999999999998,38078.0,6.42,MFI
2020-12-23,CIO,1,0.6874100899674498,0.015769811528422634,0.011550332325599062,33.38129496402877,31.73729940661221,12.737076846861726,30.496453900709422,1.0711862583129133,1.3699999999999992,222612.0,9.27,MFI
2020-12-23,IBCP,1,0.6915844022489605,0.01572554073570463,0.021597589536209886,33.17788760701796,60.66377016658027,19.961410197000205,49.27803955165309,1.8079325208652648,2.3200000000000003,47856.0,18.62,MFI
2020-12-23,OVBC,1,0.6918973583752394,0.015123977911484367,0.010688675034448404,7.7930157699694345,59.07580236912279,19.199841131502836,59.218730515026785,1.909256399741139,2.6400000000000006,2708.0,23.91,MFI
2020-12-23,QCRH,1,0.6851260351980184,0.014759285955717804,0.015335678904617376,32.57544261106437,56.229662290820315,17.804257485025346,63.87643237265828,7.128584339095369,7.180675021508463,28398.0,39.86,MFI
2020-12-23,KE,1,0.6936728402251524,0.014503349305520396,0.01367262788013245,28.091728091728086,46.6972820097343,19.39892549514039,26.113235475514927,0.9527979848869066,2.1900000000000013,36740.0,15.64,MFI
2020-12-23,BY,1,0.7000053919442195,0.013694369881220397,0.008182458216991578,15.903165735567967,33.16457917821663,33.30595362613907,14.754613398557419,1.0895939417968883,1.3575156628431895,100683.0,15.56,STO
2020-12-23,HMNF,1,0.6671449759562698,0.013351323885006188,0.009309334074855043,19.298245614035086,55.07605624972175,7.935804694928336,77.90055248618768,1.6869510959121872,1.8100000000000005,4.0,17.0,MFI
2020-12-23,IROQ,1,0.6897863915779305,0.012044245767193464,0.012549207113814138,27.757793764988005,43.33948623765242,51.245867359093786,18.73060378059111,1.9792564260354482,1.7899999999999991,4996.0,21.31,STO
2020-12-23,SMMF,1,0.6859270834909026,0.010908873987863396,0.0054340375325720855,32.088335556543655,59.28034371131279,14.797858356650792,65.70674882149767,2.2486854520813324,2.291741050119331,5204.0,22.28,MFI
2020-12-23,MLVF,1,0.7085065509009226,0.009013183653793824,0.007702248449241554,27.446300715990446,11.665804135133513,0.0,15.602864606968025,1.98310766223174,1.7500000000000018,9782.0,16.02,STO
2020-12-23,FBSS,1,0.6945748589281848,0.006617064929854807,0.0025088637940202854,10.42031579825355,48.3041790813096,9.572090661587481,51.58384568670175,0.9692736917914289,1.3401933159553643,15711.0,17.21,MFI
2020-12-23,VERU,0,0.6139641133227227,0.08416700609551679,0.02502847448308206,269.6356275303644,68.24827147092105,12.292112377878738,71.79376405849582,11.509463019619982,8.5,2907205.0,9.13,MFI
2020-12-23,WPG,0,0.5610661180755734,0.06148381510053316,0.06320457032060497,34.080847666739245,29.405124922364223,5.080545711932928,11.80591147031152,3.714583093638293,3.87,618250.0,7.39,RSI
2020-12-23,NBR,0,0.6366966920269763,0.04473190492409776,0.049013257992399396,112.14488636363637,36.22046803124985,13.253267176173878,15.46862553284366,25.642457292637452,24.881999999999998,224907.0,59.74,STO
2020-12-23,CVGI,0,0.6023375423296371,0.02225852542963518,0.011603608371335528,39.144736842105274,29.833634627699865,0.0,54.73089483517813,3.4389068030408723,2.7299999999999995,353216.0,8.46,RSI
2020-12-23,ADMS,0,0.6180412280190791,0.021949628409535755,0.030289300504826006,17.43589743589744,21.096387615663744,0.0,22.198843361634186,0.8857335942568092,1.1800000000000006,136085.0,4.58,RSI
2020-12-23,EBTC,0,0.6041649161949583,0.018501118549253768,0.00645896964555741,12.933416525537023,29.52505228751305,3.5615834385173883,13.475373547316133,3.209996261681212,2.780000000000001,36476.0,25.34,RSI
2020-12-23,ESP,0,0.6041482148027199,0.018043792883981058,0.022787354877366814,12.099704940817269,29.37442426895022,19.538398129840175,20.302319682425157,3.1681951003059297,4.159223372122458,21850.0,19.68,RSI
2020-12-23,PCB,0,0.6177166678772382,0.017739248579409863,0.008549888557914137,10.451769394031267,27.47601002866773,21.639007642539156,8.12838901373337,1.0573476249585063,1.1899999999999995,6675.0,10.2,RSI
2020-12-23,TCFC,0,0.6007098375550666,0.008016055605097107,0.008773413869691498,18.960802187784868,24.05397546586363,78.09539281618024,8.251028806584285,1.2572525601500075,2.0,3724.0,26.1,RSI
2020-12-22,SRTS,1,0.6544634950235685,0.054320533850415895,0.037389666316901896,21.40350877192982,41.09534605424257,3.9940087236817874,22.991438450512202,1.438104821770695,1.7400000000000002,12129.0,3.46,MFI
2020-12-22,QUAD,1,0.6725575287204875,0.0511908530837773,0.06557247516338363,21.276595744680858,36.350767769518505,17.043723661394907,25.092737908403137,0.8517840101865772,1.8099999999999996,231690.0,3.42,MFI
2020-12-22,IO,1,0.6632744839070307,0.04786133289802012,0.04731334430368372,44.58598726114649,36.148568126934855,16.891403077653692,59.792036270451426,0.9558472681296593,0.8900000000000001,462005.0,2.27,MFI
2020-12-22,CSU,1,0.6815116693697673,0.046989926496841083,0.0453966116300941,39.59240737753401,19.831000463348772,20.52956590942476,12.637281529390515,8.200676072287628,8.5485,26337.0,12.98,STO
2020-12-22,GCI,1,0.6801625713583573,0.03850007783901477,0.022698342215794046,66.43835616438358,27.588072858560622,15.8393878073814,16.837083762102896,0.6811049845658861,0.7332999999999998,1487645.0,2.43,STO
2020-12-22,LRMR,1,0.666164889112291,0.03822402353873418,0.04312168007509691,10.102040816326515,49.31618607253281,20.439441352000486,18.866016344596378,6.004937634994285,7.43,55420.0,21.58,STO
2020-12-22,ISSC,1,0.6897646744810377,0.0375361620194596,0.03415299960811231,13.77608450948135,33.01058924135761,0.0,43.35820204706054,1.5545924837073617,1.6097881904345357,35739.0,6.57,MFI
2020-12-22,RES,1,0.7069797912266087,0.03537498723082428,0.024441735643546278,22.779922779922792,23.089308809258824,9.397788194890268,14.186595297706189,0.876746257473906,0.8700000000000001,1375736.0,3.18,STO
2020-12-22,RES,1,0.7069797912266087,0.03537498723082428,0.024441735643546278,22.779922779922792,23.089308809258824,9.397788194890268,14.186595297706189,0.876746257473906,0.8700000000000001,1375736.0,3.18,MFI
2020-12-22,CVI,1,0.7066966913030144,0.03515491543828513,0.029889693243421868,20.121951219512184,25.0930778205056,52.11399531858842,14.29344744032575,2.9539153677720726,3.259999999999998,613405.0,13.79,STO
2020-12-22,WTTR,1,0.7158248442594437,0.03498720742674093,0.013972550034878581,19.476744186046524,23.206124360746557,0.0,12.508591065292151,1.1466455424416626,1.1799999999999997,298328.0,4.11,STO
2020-12-22,EPM,1,0.6950328687833988,0.03322841466089732,0.013447033747066657,21.400209940212683,37.459521492815625,13.012304518917816,10.661768646389918,0.5234443832933868,0.5627584126984124,108735.0,2.66,MFI
2020-12-22,SXC,1,0.7010250689117696,0.033132332112388516,0.04831692527433232,17.263486670867696,13.995833503256137,18.476715618357815,8.298864557988303,1.2842600982666497,1.37,670199.0,4.28,STO
2020-12-22,CENX,1,0.6772818065223188,0.03265131976064499,0.04806076247715998,38.53333333333334,31.416449092793357,16.940939429054765,18.515198087431514,2.3541622713817247,2.92,809078.0,10.39,STO
2020-12-22,HMTV,1,0.6896285529288743,0.03250289091402228,0.035488825458801866,15.148188803512634,47.38586167576855,17.13016130027532,19.305609367601097,1.720133715732299,2.0999999999999996,13541.0,10.49,MFI
2020-12-22,TSQ,1,0.6983408642753046,0.03192037740069896,0.034303715083302294,40.425531914893604,26.541086751165892,0.0,15.802492134459362,2.302332000385867,2.3,10314.0,6.6,STO
2020-12-22,TSQ,1,0.6983408642753046,0.03192037740069896,0.034303715083302294,40.425531914893604,26.541086751165892,0.0,15.802492134459362,2.302332000385867,2.3,10314.0,6.6,MFI
2020-12-22,CLSD,1,0.6815441901890229,0.031200464343859712,0.01297197789485655,43.835616438356176,57.222550775608504,18.851719868361712,42.69005847953247,0.45512196167996355,0.7999999999999998,194116.0,2.1,MFI
2020-12-22,GEC,1,0.670052241773788,0.030939587880307106,0.07393230861298737,20.276497695852534,68.41861599348331,85.31920419423618,19.999999999999805,0.478543623925364,0.5299999999999998,217493.0,2.61,STO
2020-12-22,HT,1,0.7043391508026702,0.029593092520938516,0.030148767673615816,55.82329317269075,23.000408602284168,18.54743611591948,13.14736346516006,1.4672682099736534,1.7699999999999996,331542.0,7.76,STO
2020-12-22,HT,1,0.7043391508026702,0.029593092520938516,0.030148767673615816,55.82329317269075,23.000408602284168,18.54743611591948,13.14736346516006,1.4672682099736534,1.7699999999999996,331542.0,7.76,MFI
2020-12-22,HLX,1,0.6830025435056108,0.028808798246526702,0.01761502488137421,56.201550387596896,33.66005747482352,12.177607534319264,49.558080808080824,0.6547793521485445,0.6800000000000002,1857736.0,4.03,MFI
2020-12-22,OPBK,1,0.6921929495111914,0.02841508856809904,0.048758377364415205,20.73027090694935,39.95698271730894,14.506029551138539,53.36959336959331,0.7887306257529278,0.9000000000000004,31712.0,7.38,MFI
2020-12-22,PKOH,1,0.70036722879146,0.028359473719522847,0.0438847490678604,60.02447875287196,25.260368847352623,10.581307357783174,45.00568416760422,7.141300721858041,8.29,30530.0,29.81,MFI
2020-12-22,EVC,1,0.6949908728243842,0.028194760090292325,0.04065697959838174,38.86745872550534,17.193472016390757,0.0,15.427089923005935,0.47307853851248005,0.5777999999999999,549308.0,2.7,STO
2020-12-22,CMLS,1,0.6888240816015784,0.02805702564675395,0.013569325924595293,71.5686274509804,42.6640461796611,35.862834179821434,18.827160493827083,1.833435027483226,2.6900000000000004,49407.0,8.75,STO
2020-12-22,AMTB,1,0.7023054840343734,0.027648943386672592,0.022213141953837116,40.869565217391305,25.59776082453928,0.0,19.703502724382556,1.9610395202596322,3.41,17938.0,14.58,STO
2020-12-22,CATO,1,0.7190345764878552,0.027585201699714717,0.02829277164780462,17.055393586005817,25.020776257902625,0.0,19.428248587570625,1.1824449247185278,1.25,176640.0,8.03,STO
2020-12-22,AVNW,1,0.6904350648772373,0.02725329744012825,0.015129110134170821,57.019536574284416,29.47033916480747,13.777770631256757,16.703283133929386,6.6726843174253645,8.909999999999997,61080.0,34.56,STO
2020-12-22,AVNW,1,0.6904350648772373,0.02725329744012825,0.015129110134170821,57.019536574284416,29.47033916480747,13.777770631256757,16.703283133929386,6.6726843174253645,8.909999999999997,61080.0,34.56,MFI
2020-12-22,SND,1,0.7101065481444125,0.02694859959532708,0.011885294080992183,42.74809160305344,25.752191056296255,17.13286408513858,16.85874704491717,0.354168039218574,0.47999999999999976,124601.0,1.87,STO
2020-12-22,TZOO,1,0.717058036695488,0.02556556479180243,0.023789453775013635,27.534246575342475,24.24976502065934,33.4759373085591,18.051616562677616,1.5463971029458143,1.7300000000000004,83460.0,9.31,STO
2020-12-22,XAN,1,0.691238088944881,0.025136584717293336,0.02606013948290286,85.57213930348261,31.99715813644572,28.701560859386746,18.861502347417808,0.6933830110420063,0.9000000000000004,420106.0,3.73,STO
2020-12-22,CVGI,1,0.6889111743491096,0.024958932056818886,0.02539906040812443,39.344262295081975,31.2632536591766,0.0,60.30897207367807,3.558530033595442,2.7299999999999995,582222.0,8.5,MFI
2020-12-22,SNR,1,0.7034334375899411,0.024893106673120825,0.03640111374453592,32.12637736705414,20.463063599253218,58.95885062782037,14.939759036144673,0.798767575456095,0.8300000000000001,506463.0,5.24,STO
2020-12-22,MERC,1,0.7086620644941602,0.024761616338524067,0.03321939740284276,33.33525113629825,24.49467463036619,11.637418870510274,54.05776975344719,3.0038210905444407,2.711476519468186,124622.0,9.27,MFI
2020-12-22,CCRN,1,0.6882264517152392,0.02465308015630932,0.022543571507611944,22.797202797202782,28.386649406501277,18.123167381155852,32.95251943016375,1.260049205388416,1.6799999999999997,259918.0,8.78,MFI
2020-12-22,DXPE,1,0.719082908892275,0.024568139634459505,0.020635600205857856,26.104890984089568,22.40410437913704,11.643607470057063,17.943146051305124,3.1268866304991647,3.59,36788.0,21.4,STO
2020-12-22,UFI,1,0.695199607478061,0.024294884919369934,0.0195983117965599,27.11076684740511,32.81807391268714,0.0,41.95452898550734,3.42490642207477,3.75,108128.0,16.41,MFI
2020-12-22,HOFT,1,0.7008154966319907,0.024221089580780383,0.018789112309480764,7.92599751862743,31.93792449690919,14.02861816743517,29.268491287611624,5.226358374661729,6.399339848327504,32795.0,31.49,MFI
2020-12-22,GFN,1,0.6981628997265917,0.023882318275119677,0.012888453610142231,23.837209302325576,38.80666638148914,12.554240749154303,16.674856674856915,1.4582455211659964,1.88,13776.0,8.52,STO
2020-12-22,GFN,1,0.6981628997265917,0.023882318275119677,0.012888453610142231,23.837209302325576,38.80666638148914,12.554240749154303,16.674856674856915,1.4582455211659964,1.88,13776.0,8.52,MFI
2020-12-22,PEBK,1,0.6793542969321072,0.023621260181838317,0.018357508507361626,50.62371676529963,50.97134019520436,8.209078751219351,43.54958985831471,2.836979590692401,6.375615925853271,779.0,26.19,MFI
2020-12-22,WEYS,1,0.7051697863624523,0.023582943825283878,0.03352035814625074,10.139965359743739,31.684723776981926,19.814485867179016,15.322919753396754,2.0930405797301077,3.2262634989200834,29346.0,16.47,STO
2020-12-22,PDLB,1,0.7104166873163332,0.023578469071916762,0.021795205560201814,12.978723404255307,25.82604920943993,12.63172796094048,19.67479674796729,1.60672959766109,2.049999999999999,5336.0,10.62,STO
2020-12-22,PDLB,1,0.7104166873163332,0.023578469071916762,0.021795205560201814,12.978723404255307,25.82604920943993,12.63172796094048,19.67479674796729,1.60672959766109,2.049999999999999,5336.0,10.62,MFI
2020-12-22,ACRE,1,0.6881513501649291,0.02333803533637423,0.018820294712925893,28.04746494066882,38.027298936562474,19.445467760659838,37.122379118528094,1.949640992593089,2.1999999999999993,410058.0,11.87,MFI
2020-12-22,HFFG,1,0.6850627047753224,0.02250814560342318,0.016802752922914915,10.889774236387774,62.95682364955035,14.779656474109856,57.89473684210526,1.2282084513634102,1.33,89004.0,8.35,MFI
2020-12-22,ASRV,1,0.6974213774930057,0.022189219486557377,0.026181157971672232,10.998990918264381,43.726209386088186,15.9679777779466,12.903225806451644,0.32189905249931794,0.33000000000000007,12218.0,3.19,STO
2020-12-22,RMR,1,0.684721236161477,0.021675740554160078,0.028186730752252333,34.451491694483174,38.45676242169447,16.41183455395185,44.45733348172363,5.1554627338441605,5.390000000000001,73346.0,37.5,MFI
2020-12-22,FCCY,1,0.6867778941180765,0.021658011536136734,0.0176418490191702,42.13256389388969,36.233675065891234,10.31468832059069,61.255320278761864,2.9734794433459797,2.5799999999999983,16513.0,17.29,MFI
2020-12-22,OBNK,1,0.7159311218357494,0.021030287532203033,0.019381738504852246,13.736729993245927,22.218831117080143,10.477177111709494,28.555079089214416,4.302246389968559,5.09,57697.0,26.27,MFI
2020-12-22,EBTC,1,0.6923086398103179,0.0208029634006257,0.012298654905999806,17.38421983114766,30.74705996078798,12.295992099261397,16.06714628297379,3.1023210665576215,2.780000000000001,5492.0,25.43,STO
2020-12-22,EBTC,1,0.6923086398103179,0.0208029634006257,0.012298654905999806,17.38421983114766,30.74705996078798,12.295992099261397,16.06714628297379,3.1023210665576215,2.780000000000001,5492.0,25.43,MFI
2020-12-22,TLYS,1,0.7100371365079587,0.020640761928165795,0.009921498753935158,15.307582260371962,27.999238796943317,0.0,13.213741792125077,1.3152931232243752,1.6899999999999995,315889.0,8.06,STO
2020-12-22,ACNB,1,0.6910029862347171,0.020386704880581724,0.02032666908457294,23.6423584173778,34.577790039123215,13.080515337364389,20.05082351894512,3.7215949666763564,3.879999999999999,15141.0,25.5,MFI
2020-12-22,CTT,1,0.7032098206484659,0.02020890646668658,0.014588702813602007,11.83207983090006,27.68765108932506,26.3947175765868,13.77482476635486,1.1626827426256057,1.2799999999999994,265183.0,9.1,STO
2020-12-22,BCBP,1,0.6938039239418807,0.020105911151640572,0.024696278597022413,26.63359725269483,33.6349222643276,19.944488163811883,36.36164430563852,1.2201376971477274,1.3499999999999996,29148.0,10.62,MFI
2020-12-22,TBBK,1,0.6902256495075574,0.019966755146638128,0.013764615011150852,44.31072210065644,36.44663240571207,17.067827253584625,48.55263435259275,2.2378158994875825,2.7700000000000014,321271.0,13.19,MFI
2020-12-22,BWFG,1,0.686190425157551,0.019575690063958547,0.012614602342646209,21.73547033561109,28.172957057253498,12.193413617789872,12.964020559680108,2.481512442036987,2.150000000000002,3475.0,18.51,STO
2020-12-22,BWFG,1,0.686190425157551,0.019575690063958547,0.012614602342646209,21.73547033561109,28.172957057253498,12.193413617789872,12.964020559680108,2.481512442036987,2.150000000000002,3475.0,18.51,MFI
2020-12-22,SMBK,1,0.6927701661540562,0.019030228266476747,0.011000359413949046,27.466902898764694,39.296984729665795,25.265716169691856,18.583761823144474,1.7465211135286296,2.0100000000000016,36353.0,18.13,STO
2020-12-22,ANGO,1,0.7081233248522055,0.01851666079874417,0.01328704052447971,22.399999999999995,23.588894582438925,22.05109250009461,14.554339299882473,2.22072420619946,3.4000000000000004,198396.0,13.77,STO
2020-12-22,BMRC,1,0.7048111909013263,0.01850400579540374,0.01414758979852208,14.91696558209875,26.78223877298413,15.07672554696704,30.61268161922192,4.6095223179847125,5.390000000000001,27270.0,36.17,MFI
2020-12-22,HBMD,1,0.7073387764790443,0.018466673604540303,0.018969515753228215,19.230769230769216,25.617488618811535,0.0,14.074074074073964,1.31641178967352,1.8000000000000007,3634.0,11.78,STO
2020-12-22,VEC,1,0.7141367885157601,0.01827185564904795,0.02667444931459691,15.750371471025257,24.16403866960293,75.79275211016366,16.97386934704116,5.335353409100506,5.755000000000003,34481.0,46.74,STO
2020-12-22,WTBA,1,0.7180657059800944,0.018089985454026354,0.024504473641457643,13.24462014518843,24.3661270868253,11.36440052687432,17.64399744572158,1.8145313444512539,2.710000000000001,54070.0,19.25,STO
2020-12-22,WSR,1,0.6836843403680811,0.018027303929235735,0.007441924542943934,31.211049351524334,28.1861626029486,20.755013397524223,14.692474928115708,1.1146411244878038,1.2248138297872329,334376.0,7.79,STO
2020-12-22,FBIZ,1,0.7130111899146376,0.017928660822566847,0.01220586776631886,9.868338106302113,25.61587884309644,15.859694795962483,16.019736860899528,2.563547541981009,2.6999999999999993,39810.0,18.3,MFI
2020-12-22,FCBP,1,0.6929183883116327,0.0178642578736718,0.008633743867823868,23.70168131811827,34.22227561115656,17.375517507444698,26.00647674875981,2.2570031170536566,2.0043641863278943,11866.0,16.9,MFI
2020-12-22,TITN,1,0.7101515424729703,0.017773478902348337,0.017765816835524632,24.64646464646466,26.57186946021953,0.0,33.62041333946498,2.1597925826342745,2.379999999999999,89866.0,18.51,MFI
2020-12-22,IVC,1,0.7080231549707072,0.017609559657062686,0.01135484682775351,10.709504685408298,17.74285201010602,0.0,18.061244183567627,1.519978947224871,1.6849999999999996,198362.0,8.27,STO
2020-12-22,NKSH,1,0.6869379278630727,0.017564675900752977,0.009073529912912997,24.04246527446679,42.20791011006051,0.0,9.862671660424612,3.2534357224316537,3.3000000000000007,14653.0,31.22,STO
2020-12-22,AROW,1,0.7171186739642095,0.017119408589367276,0.027490226198613004,10.664589589024597,23.498650733462654,19.990371709070175,31.180318292297645,2.3368858610572403,2.710000000000001,39132.0,29.41,MFI
2020-12-22,BMTC,1,0.7146216675147465,0.017085366995169004,0.01697033851698851,10.193461653204036,17.11420372206524,24.09225627774005,8.225578519695707,3.525316439694823,3.3999999999999986,69806.0,29.18,STO
2020-12-22,HBCP,1,0.6921351951338877,0.01702147467775349,0.01160828367509737,10.704168592729554,37.80950535391229,16.442774242731332,43.70946822308658,3.2351389460066287,3.5,7406.0,28.02,MFI
2020-12-22,UBA,1,0.6972679807164279,0.017015895896759496,0.009810100894421064,44.176285414480596,25.790641256802417,11.351926363932634,11.290104106195868,1.2120643547257188,1.7400000000000002,196539.0,13.74,STO
2020-12-22,STXB,1,0.6940597359919504,0.01691964927516955,0.019885428274451514,23.50718065003779,40.06884503231971,18.129409393970136,44.717275062102594,1.473015953748913,1.8800000000000008,27345.0,16.34,MFI
2020-12-22,CTG,1,0.7015784000715897,0.016811355929233912,0.005671059126091022,29.08366533864544,36.59612427115732,31.30618437602037,14.28149133503313,0.8512109021851728,0.9699999999999998,46845.0,6.48,STO
2020-12-22,SLCT,1,0.6960469235677652,0.016743384648266326,0.01274339902080942,23.209549071618024,35.126077168301165,26.00093651277672,18.365687985941154,0.714579596688143,0.8499999999999996,30068.0,9.29,STO
2020-12-22,FRGI,1,0.7252439393232534,0.016533271624943825,0.006440761957300478,14.73170731707317,22.536601303370034,8.443072484619321,18.967370854163235,1.8049088619643605,2.34,72994.0,11.76,STO
2020-12-22,FISI,1,0.6881188126605484,0.01639004364586857,0.007364817952117956,35.54814763468168,36.109222868458986,16.188947384791433,44.827173657906286,3.379955926103925,3.5988666807410894,57304.0,21.51,MFI
2020-12-22,AMNB,1,0.696454610921145,0.01619903418909024,0.010669296888485363,17.97120048821858,34.2804823970672,62.90808513004611,14.69188092901562,2.3546732644675217,2.98980796460177,15536.0,26.29,STO
2020-12-22,PDFS,1,0.6991295174301702,0.01611863372434887,0.00879982109297767,8.658658658658661,35.999691010967624,13.441013769481259,20.233036439932913,1.8059014369558852,2.200000000000003,122490.0,21.71,MFI
2020-12-22,RBCAA,1,0.695598891931053,0.015838650874666592,0.010075792996786941,12.749649821369552,29.513691254852503,12.487579176878953,28.453467332555892,3.3059672886461726,3.4141665753930184,29017.0,35.82,MFI
2020-12-22,UBOH,1,0.6832131971124136,0.015829223537326256,0.010367183082227028,32.6208366391313,65.69488503262009,1.712828896628423,66.18465260373789,1.7820976560225006,2.4335222672064774,20941.0,25.575,MFI
2020-12-22,HBNC,1,0.7137895734694771,0.015756004587970145,0.020172318287666777,24.734832414085695,23.735371532898455,15.309283214290431,38.17008900867846,1.5814980240270735,1.6999999999999993,80196.0,14.7,MFI
2020-12-22,ESSA,1,0.7179312602875239,0.015684029020968725,0.011692810768537005,14.926527455529772,23.515873548024118,63.69334500124975,13.948541138829412,1.495317722892782,1.8649957186544341,15477.0,14.86,STO
2020-12-22,EFSC,1,0.7030895097933949,0.015266984410290056,0.01608267831327376,15.951940036766073,26.80247585510037,14.146803568044803,35.1570522660626,3.065858687155469,3.642107027344899,126502.0,34.25,MFI
2020-12-22,ESXB,1,0.689610122569333,0.014998109551097883,0.005109249828105954,35.88877543005264,50.33944623825728,18.242690517197488,61.765892758430105,0.6941210269116294,0.75,31327.0,6.92,MFI
2020-12-22,MOFG,1,0.7180289783005491,0.01421421931679246,0.01908713352208422,17.388293358563445,23.85254429309083,18.247110104990426,35.443265396674825,2.249092991495182,3.2231969675060945,60640.0,24.07,MFI
2020-12-22,CTO,1,0.6920328695452023,0.013977462586242032,0.009887944009006423,10.666829344040448,29.339486043107982,11.661187153213334,2.727442886339302,2.898807340963714,3.465600000000002,77694.0,39.91,STO
2020-12-22,CAC,1,0.7157124254334825,0.01387129455899595,0.012575057705951517,10.206022187004763,21.758529407072047,11.552108805860797,18.818958818958645,3.3504930980371057,3.6700000000000017,20785.0,34.77,STO
2020-12-22,CAC,1,0.7157124254334825,0.01387129455899595,0.012575057705951517,10.206022187004763,21.758529407072047,11.552108805860797,18.818958818958645,3.3504930980371057,3.6700000000000017,20785.0,34.77,MFI
2020-12-22,DSPG,1,0.7049389204885004,0.01375905415698418,0.005408983967438164,10.385144429160947,32.64588638115009,23.11153676091945,14.367418166997139,1.5858511910005344,1.7299999999999986,66418.0,16.05,STO
2020-12-22,LBAI,1,0.7107076043628647,0.013756104633578934,0.016928728636028883,16.59959468674665,20.71299990158927,10.80922869129519,26.280535855004302,1.0416448531073712,1.1999999999999993,158193.0,12.14,MFI
2020-12-22,PFBI,1,0.6914138567241104,0.013537810631400823,0.005403614832404186,26.602048784969455,30.167412641684336,5.205653157286207,28.436488278731932,1.3785337393055777,1.8887496619083421,14712.0,13.78,MFI
2020-12-22,CATC,1,0.6934128957445883,0.01347981192650739,0.011196020605580366,18.65343554025699,36.53963843061511,16.81112159161121,58.585858585858716,6.112009162297085,6.930000000000007,12552.0,70.63,MFI
2020-12-22,BSRR,1,0.691219566684755,0.012987249016497088,0.006908462088679063,26.750485536134093,36.36401029902749,18.65859755065597,55.51148943169687,2.5839164073162024,2.9299999999999997,24237.0,23.56,MFI
2020-12-22,HCI,1,0.697006274147197,0.01249675564403791,0.010725820491399047,10.218903989440415,32.539769734572076,19.43630208749805,37.33096550504737,2.5632448185950096,3.4000000000000057,32367.0,51.02,MFI
2020-12-22,NBN,1,0.7086251197031436,0.010365935400643235,0.01058359166319724,11.77721714323423,27.434806299896536,19.972885269544804,37.42793501048211,1.3563052753697633,1.879999999999999,22893.0,22.02,MFI
2020-12-22,FSEA,1,0.6942481290524897,0.010211042504701232,0.004895539628864708,11.9402985074627,40.9327082207598,0.0,11.428571428571756,0.4259594346884832,0.40000000000000036,4170.0,9.0,STO
2020-12-22,KREF,1,0.6977409275691528,0.010056238212006203,0.009520096056828405,8.363417569193746,32.462779437193504,13.805965488306612,23.610013175230453,0.7477191986308469,1.0999999999999979,156226.0,18.01,MFI
2020-12-22,TCFC,1,0.6922527865724953,0.00865757895262683,0.018627933916766693,22.873345935727787,16.17416560589811,87.05536131785325,14.861767061617831,1.176929904456351,2.1700000000000017,6216.0,26.0,STO
2020-12-22,RVP,0,0.6308585472563042,0.07677655282824869,0.05187452147158461,34.256055363321806,45.96161665938574,16.074826310227408,38.88055972013967,5.476545991772532,6.67,1656035.0,11.64,MFI
2020-12-22,SESN,0,0.5620765282087632,0.056309605983832035,0.08577587849423512,12.499999999999991,18.245912041851525,25.335897314879873,40.44531441154874,0.8822221942345538,0.71,8697336.0,1.26,RSI
2020-12-22,FI,0,0.5818960758793856,0.04722755789879599,0.05913760259851385,44.047619047619044,28.178707568365184,65.961279878417,49.81684981684975,0.6955400779247958,0.7199999999999998,779680.0,2.42,RSI
2020-12-22,CSU,0,0.5904231695895447,0.046989926496841083,0.0453966116300941,39.59240737753401,19.831000463348772,20.52956590942476,12.637281529390515,8.200676072287628,8.5485,26337.0,12.98,RSI
2020-12-22,ANIX,0,0.6068691558275441,0.043284622483649046,0.018893770458946486,17.64705882352941,52.70673683952675,48.07276763570083,9.965635738831656,0.9599666660880803,3.4400000000000004,1739888.0,2.8,STO
2020-12-22,LTRPA,0,0.5816994326942321,0.040421303679351483,0.035871592182721776,106.02409638554218,27.663460876042635,19.57239697058634,35.47103516412183,2.037193167085296,1.8199999999999998,771624.0,3.42,RSI
2020-12-22,WTI,0,0.5712955379467582,0.038923018735157536,0.0380983764099093,35.75757575757578,28.4574927724354,0.0,46.985874763652326,0.8771864112032881,0.81,3226603.0,2.24,RSI
2020-12-22,GCI,0,0.5855176723523364,0.03850007783901477,0.022698342215794046,66.43835616438358,27.588072858560622,15.8393878073814,16.837083762102896,0.6811049845658861,0.7332999999999998,1487645.0,2.43,RSI
2020-12-22,RMCF,0,0.6106014790419335,0.0348717673483456,0.023081294024108877,36.177474402730375,20.5323614436754,33.121818080009746,7.512778950158594,1.5896867615977706,2.2,36019.0,3.99,RSI
2020-12-22,SOI,0,0.6043588091821118,0.033928583149747435,0.03575539380109027,32.62556145365455,25.64059826630448,0.0,49.68165359789399,4.112178376481559,3.2200000000000006,351342.0,8.12,RSI
2020-12-22,BBW,0,0.603833951817781,0.030831672993660873,0.016269606946971767,23.652694610778447,29.596644689732486,14.433133753737778,33.2142857142854,0.9418683559827996,1.2000000000000002,82497.0,4.13,RSI
2020-12-22,PBPB,0,0.6197045602958895,0.028587325880278562,0.04989211859950276,16.32124352331607,17.45431176807807,42.816226549532786,26.774956150384963,1.139282230178818,1.4299999999999997,64549.0,4.49,RSI
2020-12-22,NC,0,0.6093322594856074,0.028497290302326672,0.05202413305803642,22.5321128283525,22.756281570967133,44.884245248840735,37.73498985299209,5.382758191817416,4.876389966050549,25307.0,26.29,RSI
2020-12-22,EVC,0,0.605503194642533,0.028194760090292325,0.04065697959838174,38.86745872550534,17.193472016390757,0.0,15.427089923005935,0.47307853851248005,0.5777999999999999,549308.0,2.7,RSI
2020-12-22,AMTB,0,0.6120718858870876,0.027648943386672592,0.022213141953837116,40.869565217391305,25.59776082453928,0.0,19.703502724382556,1.9610395202596322,3.41,17938.0,14.58,RSI
2020-12-22,CATO,0,0.6139214396030898,0.027585201699714717,0.02829277164780462,17.055393586005817,25.020776257902625,0.0,19.428248587570625,1.1824449247185278,1.25,176640.0,8.03,RSI
2020-12-22,AVNW,0,0.5937813538886012,0.02725329744012825,0.015129110134170821,57.019536574284416,29.47033916480747,13.777770631256757,16.703283133929386,6.6726843174253645,8.909999999999997,61080.0,34.56,RSI
2020-12-22,MERC,0,0.6156052579734299,0.024761616338524067,0.03321939740284276,33.33525113629825,24.49467463036619,11.637418870510274,54.05776975344719,3.0038210905444407,2.711476519468186,124622.0,9.27,RSI
2020-12-22,OLP,0,0.6136406871386628,0.023617832679590008,0.03196145352843523,22.162162162162172,26.296849291791887,0.0,52.04525741805392,5.442767469403684,4.843221481568978,60491.0,19.21,RSI
2020-12-22,LEVL,0,0.6061040595868592,0.023393602720387173,0.017927002218348698,23.333333333333343,28.913064383967665,0.0,54.128440366972654,3.369260452977926,3.9700000000000024,3810.0,19.98,RSI
2020-12-22,CRAI,0,0.6097109832432733,0.021256742153361395,0.017464746247010207,25.22574268697187,24.53751873657076,0.0,24.83342091470152,8.88246339705617,9.810000000000002,21531.0,48.4,RSI
2020-12-22,CTT,0,0.6105782962133726,0.02020890646668658,0.014588702813602007,11.83207983090006,27.68765108932506,26.3947175765868,13.77482476635486,1.1626827426256057,1.2799999999999994,265183.0,9.1,RSI
2020-12-22,CZNC,0,0.6146072762420879,0.0195428517005895,0.023056606819354362,12.226396312053385,27.79410123969558,61.60986840392203,45.86741806635097,2.7090396822493616,2.7699999999999996,38043.0,18.94,RSI
2020-12-22,FRBK,0,0.619882961283181,0.019107942371264956,0.025260571711040986,24.55357142857142,27.89279137933474,54.398006246514036,18.039006748684095,0.48584359623367757,0.48,308507.0,2.79,RSI
2020-12-22,CLDT,0,0.5986166449216986,0.01878716295778277,0.016474336692990983,50.95628415300547,26.369586189365066,0.0,40.06902345435122,1.08489815190595,1.3850000000000016,454901.0,11.05,RSI
2020-12-22,BMRC,0,0.6110266809745731,0.01850400579540374,0.01414758979852208,14.91696558209875,26.78223877298413,15.07672554696704,30.61268161922192,4.6095223179847125,5.390000000000001,27270.0,36.17,RSI
2020-12-22,WTBA,0,0.6169403406040527,0.018089985454026354,0.024504473641457643,13.24462014518843,24.3661270868253,11.36440052687432,17.64399744572158,1.8145313444512539,2.710000000000001,54070.0,19.25,RSI
2020-12-22,WSR,0,0.6049886463395363,0.018027303929235735,0.007441924542943934,31.211049351524334,28.1861626029486,20.755013397524223,14.692474928115708,1.1146411244878038,1.2248138297872329,334376.0,7.79,RSI
2020-12-22,FC,0,0.6152001873441387,0.017961472025684808,0.0247070866489551,23.957754307948875,25.823228120513164,41.10229835275818,45.59228650137737,2.305711170111408,2.4300000000000033,27936.0,22.3,RSI
2020-12-22,IVC,0,0.6136488120081505,0.017609559657062686,0.01135484682775351,10.709504685408298,17.74285201010602,0.0,18.061244183567627,1.519978947224871,1.6849999999999996,198362.0,8.27,RSI
2020-12-22,FCBC,0,0.6133679829563079,0.017473187785531898,0.021323845909812705,14.914334163418319,26.464901706427355,15.183460145358055,36.39898434391896,2.190163464218692,3.120000000000001,19954.0,21.55,RSI
2020-12-22,AROW,0,0.6152741808131281,0.017119408589367276,0.027490226198613004,10.664589589024597,23.498650733462654,19.990371709070175,31.180318292297645,2.3368858610572403,2.710000000000001,39132.0,29.41,RSI
2020-12-22,BMTC,0,0.6158603279314834,0.017085366995169004,0.01697033851698851,10.193461653204036,17.11420372206524,24.09225627774005,8.225578519695707,3.525316439694823,3.3999999999999986,69806.0,29.18,RSI
2020-12-22,PKE,0,0.6186811136397754,0.016609929103947402,0.015425675600357146,18.387681159420303,24.40500010670776,0.0,31.974557527692,1.488154561865084,1.5699999999999985,66897.0,13.07,RSI
2020-12-22,FRGI,0,0.6200145868036904,0.016533271624943825,0.006440761957300478,14.73170731707317,22.536601303370034,8.443072484619321,18.967370854163235,1.8049088619643605,2.34,72994.0,11.76,RSI
2020-12-22,ALSK,0,0.5931174662538787,0.016243154909420965,0.011462591659684197,74.24242424242425,28.215579797259323,23.481900622082335,51.34099616858222,1.078330190618738,0.8700000000000001,834469.0,3.45,RSI
2020-12-22,RBCAA,0,0.6014858594078725,0.015838650874666592,0.010075792996786941,12.749649821369552,29.513691254852503,12.487579176878953,28.453467332555892,3.3059672886461726,3.4141665753930184,29017.0,35.82,RSI
2020-12-22,HBNC,0,0.6173057697637296,0.015756004587970145,0.020172318287666777,24.734832414085695,23.735371532898455,15.309283214290431,38.17008900867846,1.5814980240270735,1.6999999999999993,80196.0,14.7,RSI
2020-12-22,EFSC,0,0.6100454792410485,0.015266984410290056,0.01608267831327376,15.951940036766073,26.80247585510037,14.146803568044803,35.1570522660626,3.065858687155469,3.642107027344899,126502.0,34.25,RSI
2020-12-22,BY,0,0.6101590329191571,0.015205662518033455,0.0168054391671037,16.934358332138842,28.77660794497433,48.430628105924356,33.960968284576644,1.1116377856120607,1.4073820532337624,79646.0,15.5,RSI
2020-12-22,FSFG,0,0.6110583875439426,0.012940574695296999,0.02175233062511981,13.208676588325977,16.31203945409989,10.461574034960009,35.37922099293964,4.2304986866342205,7.046418072614095,11121.0,60.52,RSI
2020-12-22,NBN,0,0.6130256066406075,0.010365935400643235,0.01058359166319724,11.77721714323423,27.434806299896536,19.972885269544804,37.42793501048211,1.3563052753697633,1.879999999999999,22893.0,22.02,RSI
2020-12-22,DX,0,0.6143031141862301,0.007772078851418021,0.008018600874036233,13.080645368314325,27.184137971789823,0.0,35.011514527886185,0.7669846087116525,0.8935542838088928,315776.0,17.62,RSI
2020-12-21,AEY,1,0.653205887466061,0.0599893576404865,0.05820439568472045,49.04761904761904,28.785637800501533,0.0,32.951782441177684,1.6937662176344865,2.04,359477.0,3.13,MFI
2020-12-21,EVOL,1,0.6527198909085985,0.0536140751395598,0.04412661812541282,72.32142857142854,38.50579987125384,0.0,36.277817673451985,0.9114823092083244,0.9798999999999998,73835.0,1.93,MFI
2020-12-21,SCYX,1,0.6675955452487091,0.04810973610316221,0.02689130545727262,20.996093750000004,30.730457494166814,31.228783568718498,12.792397660818613,2.3945227081834535,2.38,424546.0,6.195,STO
2020-12-21,KLXE,1,0.664303634307907,0.04572670865247439,0.007598312353678271,57.499999999999986,40.949939466297245,8.134600929654823,18.785368608614913,1.9023974348922374,3.2298999999999998,119855.0,6.93,STO
2020-12-21,ETM,1,0.6892242083794322,0.0440472260487089,0.04068930348088591,38.3116883116883,21.612682232105442,39.398234794117506,17.628205128205256,0.9325234581514774,1.04,1134686.0,2.13,STO
2020-12-21,RMCF,1,0.70186662775182,0.03985203924809109,0.06424388207232673,44.4043321299639,20.825973088856045,34.564602314078414,14.98132686315096,1.763614470341862,2.23,79716.0,4.0,STO
2020-12-21,WTI,1,0.6679973678400701,0.03896862016486484,0.03704191034560784,37.058823529411775,36.3000264073338,0.0,59.67078189300389,0.9023413988062963,1.04,3104222.0,2.33,MFI
2020-12-21,SD,1,0.6766449438186929,0.03870463656175194,0.015036900133872943,90.90909090909092,45.487983941686274,0.0,47.374429223744094,0.9272410689796988,1.1680000000000001,429129.0,3.15,MFI
2020-12-21,TGI,1,0.6890735694917981,0.036692393501368575,0.0507104190819431,86.30338733431518,21.551600501321573,9.957346490615066,16.523220519699343,3.290361074408416,4.599999999999998,1888603.0,12.65,STO
2020-12-21,RFIL,1,0.7121541990540345,0.036638736659958475,0.04410807198595891,8.685968819599102,21.76623195357226,10.394241645576912,24.56961992872095,1.8660589486941266,2.08,188167.0,4.88,MFI
2020-12-21,HCHC,1,0.6760393331317492,0.03608745334765635,0.0499350890357896,46.46017699115046,40.41748101560707,11.858958721268309,19.295167991976516,1.210373496074804,1.6999999999999997,1844160.0,3.31,STO
2020-12-21,HCHC,1,0.6760393331317492,0.03608745334765635,0.0499350890357896,46.46017699115046,40.41748101560707,11.858958721268309,19.295167991976516,1.210373496074804,1.6999999999999997,1844160.0,3.31,MFI
2020-12-21,GRIF,1,0.684446165932227,0.03469051806032562,0.05838703417619706,12.389380530973451,16.293044556539314,5.988283343251197,9.935451102046073,15.124472751139308,22.849999999999994,15317.0,63.5,STO
2020-12-21,ZEUS,1,0.7094837125609966,0.034046087387116716,0.04506516116594422,12.58211724587533,18.217127827162216,13.238026796024599,15.07214256723241,2.6000589239479535,3.0349999999999984,47517.0,13.47,STO
2020-12-21,ZEUS,1,0.7094837125609966,0.034046087387116716,0.04506516116594422,12.58211724587533,18.217127827162216,13.238026796024599,15.07214256723241,2.6000589239479535,3.0349999999999984,47517.0,13.47,MFI
2020-12-21,BW,1,0.7001591010510748,0.03382288755354175,0.04724026129828493,41.221374045801525,16.33813187237142,0.0,8.93710808965043,1.702951555394463,1.8499999999999996,581975.0,3.7,STO
2020-12-21,PRVB,1,0.6782330498108703,0.03051507770458,0.02687596041480743,30.2325581395349,53.716346424352686,16.23606662874893,70.59813272003366,5.866202860453889,5.540000000000001,455210.0,17.92,MFI
2020-12-21,FSP,1,0.6999269097626604,0.030188358299143757,0.04543963465963109,10.141422638136813,16.395440513715116,10.107507111672149,14.78225888766814,0.8048751455955401,1.1600000000000001,678574.0,4.19,STO
2020-12-21,MESA,1,0.6958564115656284,0.03014398185818532,0.0199669745456661,88.62973760932942,26.57295518586936,21.68165283811159,16.684500370941063,2.2827658662240253,3.0,837249.0,6.47,STO
2020-12-21,CATO,1,0.7006528108502527,0.02754522714280734,0.029188242304188573,17.163120567375888,30.896008634875216,14.798928905197542,39.94628137445591,1.0681273332298034,1.2200000000000006,115960.0,8.26,MFI
2020-12-21,EVC,1,0.7073350175646381,0.025985770644281668,0.03686455581642206,36.01504847344811,23.60045266381229,12.50863491042368,28.37698381045225,0.42870567806025317,0.6213363957597169,319837.0,2.82,MFI
2020-12-21,UBFO,1,0.7009323167676977,0.0256790639536071,0.024743658637238996,17.147707979626496,33.0878830517869,31.142653269955417,15.592866795933935,0.9183702956866213,1.2400000000000002,43245.0,6.9,STO
2020-12-21,TRMT,1,0.6913092718252194,0.024710782495698795,0.04073698812799842,59.0285938112025,28.08828738079586,12.876404073780648,52.397417026559744,0.9223994180400368,0.8915851047630219,70559.0,4.06,MFI
2020-12-21,ORRF,1,0.6923418381262186,0.024419649117119593,0.01638661335338919,25.23622401535831,34.036956894560234,11.25899683805737,35.86506307949532,2.602468827863243,2.84,21986.0,16.7,MFI
2020-12-21,PROS,1,0.6981771418129453,0.02416702320753479,0.030909924372797777,7.435254803675846,41.735358306624235,8.7644158660067,38.44855836725765,1.3693268419186424,1.6549999999999994,23527.0,12.86,MFI
2020-12-21,CRAI,1,0.7062208001381791,0.023265976129036164,0.03600079611807985,22.572105301494723,26.607293080926965,9.74469096535583,46.00871797770799,10.162692556603403,10.510000000000005,24914.0,48.8,MFI
2020-12-21,ALOT,1,0.7183298213114658,0.02312863779093398,0.027546847913304525,27.52525252525252,25.159934387668997,66.48829203713768,15.076991675558014,2.5548103647820213,3.040000000000001,7344.0,10.1,STO
2020-12-21,TLYS,1,0.7002619774383693,0.02305652967020081,0.01988795305192914,13.764044943820217,29.560881703513303,18.964363546269496,20.464135021096677,1.2338217051103095,1.5799999999999992,354700.0,8.1,MFI
2020-12-21,OLP,1,0.691267496295883,0.022742463679932746,0.03726889823058124,23.69291156488096,33.83802367082974,12.850512553616994,71.86702859291823,5.749044380277397,4.843221481568978,97308.0,19.79,MFI
2020-12-21,PRGX,1,0.6970752580840877,0.02141587814979619,0.020979512416856742,41.89473684210527,37.76763871886443,17.09164363790164,54.982817869415875,0.7648372375877326,1.0499999999999998,50079.0,6.74,MFI
2020-12-21,CNCE,1,0.6889306104300443,0.02136500215780516,0.024779313375168976,7.772020725388604,57.17767129186062,12.598114446983871,68.43198338525461,3.169621270752696,3.210000000000001,149122.0,12.48,MFI
2020-12-21,CRDA,1,0.7174048193483792,0.021043678908605094,0.01702019696569458,10.670731707317078,22.263791170529984,8.913600559300022,15.209197582079176,0.9832415776389807,1.1800000000000006,106642.0,7.26,STO
2020-12-21,SMBK,1,0.6916229148274057,0.02101882822687896,0.020792421194122446,26.251480056890237,35.29902259895999,18.58990360555748,42.514953323270994,2.0025373904128116,2.4499999999999993,23753.0,18.02,MFI
2020-12-21,CAI,1,0.705749195168374,0.021005029778665592,0.023423922848452502,12.311722331368697,26.63252756727806,16.788522251446196,20.281278303584465,4.258513607165451,5.752655014511447,567953.0,30.87,MFI
2020-12-21,ZNTL,1,0.6831689783000559,0.020641713480153076,0.006486290113207451,20.928571428571427,36.21460497663536,17.88336404618434,17.536788796580698,11.518239275166962,15.839999999999996,762219.0,50.79,STO
2020-12-21,ALBO,1,0.6790301486861098,0.019642553891725985,0.01453980435336881,15.877598152424943,42.10917650558176,17.557310841456285,63.78438386579486,8.887631630531104,9.21,535007.0,40.14,MFI
2020-12-21,SMSI,1,0.6915002045645418,0.019501642941014707,0.015263436007302521,39.79591836734695,34.26181758149028,16.93412687247475,39.755351681956995,0.7812067588036182,1.0900000000000007,474927.0,5.48,MFI
2020-12-21,UBA,1,0.6977968493810885,0.019298549228957462,0.025073004208317748,44.03765690376568,26.481691748027416,19.13653767108397,23.082200758599594,1.102150624913257,1.9100000000000001,221728.0,13.77,MFI
2020-12-21,THR,1,0.7079703066162655,0.018963527088124016,0.01820266926052951,29.06486941870262,26.781441131489487,0.0,52.53146959274839,3.2925242595942947,3.4700000000000006,98053.0,15.32,MFI
2020-12-21,HBMD,1,0.696251081180623,0.01848718749241829,0.020241880593017875,20.481927710843365,31.672652554339052,18.549211736349008,24.407407407407295,1.250873294938959,1.8000000000000007,42942.0,12.0,MFI
2020-12-21,WTBA,1,0.696734178816023,0.017435157260017507,0.028820683494205208,15.833068605649887,31.39918431774177,11.886214894991994,36.853761348897535,1.8451872533691756,2.7300000000000004,55001.0,19.69,MFI
2020-12-21,ZAGG,1,0.6884653639835718,0.015567049515270949,0.005972391977196457,34.74025974025975,54.426485357831446,0.0,89.05472636815932,0.8221338090582271,0.9900000000000002,1604141.0,4.15,MFI
2020-12-21,CTO,1,0.69191372512549,0.01467682286880762,0.01080059052788784,8.4215766741567,33.93467225386051,14.505591105735576,19.478455032088263,2.8276520295158605,3.530000000000001,27664.0,40.29,MFI
2020-12-21,IROQ,1,0.702384029487069,0.013414781980836617,0.024371435452899035,25.37313432835821,26.19118188228201,13.036311494139113,54.795857737034275,2.0288824510066092,1.7899999999999991,2945.0,21.0,MFI
2020-12-21,SVBI,1,0.6874640942966144,0.01303237691362754,0.012928556087903685,13.129281629061662,60.438505241821034,10.523852684524272,62.62626262626301,0.6628030368066682,0.7074664705882352,1687.0,7.2,MFI
2020-12-21,FSFG,1,0.7106534292434695,0.012479900133097546,0.03338707317617254,13.142150694306466,20.638330070172657,19.661818292394173,59.54270523198223,3.238649043044525,7.046418072614095,9318.0,61.5,MFI
2020-12-21,UNB,1,0.6940973831321507,0.012337737282678252,0.013168273961970609,10.185832644671883,28.329689285645955,17.03725894116937,31.783739941516654,1.7059554507478438,2.25,3692.0,26.0,MFI
2020-12-21,USLM,1,0.6874250061648377,0.012148433509490058,0.003048497352068744,14.556736266593049,50.69302356651863,11.20212542838594,65.8333333333333,18.322452237625413,23.739999999999995,4678.0,113.69,MFI
2020-12-21,STBA,1,0.6925270321020881,0.012059093913147903,0.004447222891958912,22.00519972118911,48.620703548852326,17.188697761759016,72.50180375180376,2.0796576641442144,2.719999999999999,402616.0,23.98,MFI
2020-12-21,HBT,1,0.6876238598661505,0.008471281392980864,0.004241486940002836,25.26591392570773,59.40665578095637,6.742784735645287,74.40113745312108,2.6238132555499636,2.6999999999999993,42135.0,15.31,MFI
2020-12-21,DX,1,0.6940785778898847,0.007841022726717443,0.009407915298165148,13.417080931873077,33.658512989859474,11.14669999903326,53.940760933713115,0.8138199985258225,0.8935542838088928,412291.0,17.75,MFI
2020-12-21,XXII,0,0.6243707084176788,0.07183283312167008,0.04808651244982029,173.68421052631578,62.622971891884525,13.214764985044795,47.56097560975593,1.4647580004901868,1.7799999999999998,2528591.0,2.34,MFI
2020-12-21,AEY,0,0.5907522811666329,0.0599893576404865,0.05820439568472045,49.04761904761904,28.785637800501533,0.0,32.951782441177684,1.6937662176344865,2.04,359477.0,3.13,RSI
2020-12-21,WTT,0,0.6053792531146179,0.04803639352457284,0.06318376499801273,12.85714285714287,21.15406051259977,0.0,11.984449370770328,0.7665611521594322,1.12,189367.0,1.58,RSI
2020-12-21,TMST,0,0.5879818112626478,0.0463605208669651,0.034502382667933,12.801932367149766,29.63404636109823,27.741034211289318,10.22326970878582,1.8129048513352917,2.04,344626.0,4.67,RSI
2020-12-21,NBR,0,0.5665679174764116,0.04199107791459766,0.039376597287285375,121.29055778344879,28.580376051622423,0.0,42.437580615080115,28.354599203740158,29.462000000000003,349989.0,60.7,RSI
2020-12-21,QEP,0,0.648760030516979,0.037269998408200444,0.03137084788345505,137.2340425531915,41.16858693225711,16.914456116706347,71.38364779874202,1.263993670870323,1.2999999999999998,18584680.0,2.23,MFI
2020-12-21,TGI,0,0.5709731225134566,0.036692393501368575,0.0507104190819431,86.30338733431518,21.551600501321573,9.957346490615066,16.523220519699343,3.290361074408416,4.599999999999998,1888603.0,12.65,RSI
2020-12-21,BW,0,0.5905633934899965,0.03382288755354175,0.04724026129828493,41.221374045801525,16.33813187237142,0.0,8.93710808965043,1.702951555394463,1.8499999999999996,581975.0,3.7,RSI
2020-12-21,AQST,0,0.5843736928774418,0.03309282384664291,0.048627999705081554,30.41749502982106,21.310056155609942,36.002393370954735,44.771241830065414,1.5422827237568857,2.040000000000001,870663.0,6.56,RSI
2020-12-21,SND,0,0.6169724178022198,0.03027620738904354,0.025017584370636343,41.353383458646604,26.8533332219601,0.0,27.881205673758775,0.3432710299514492,0.47999999999999976,193109.0,1.88,RSI
2020-12-21,MESA,0,0.5877198455855682,0.03014398185818532,0.0199669745456661,88.62973760932942,26.57295518586936,21.68165283811159,16.684500370941063,2.2827658662240253,3.0,837249.0,6.47,RSI
2020-12-21,SXC,0,0.5898544827680414,0.02878292031861295,0.022143758279137567,22.940875144913857,21.368185986807802,17.791283008790572,20.124521072796583,1.1576718015050176,1.1999999999999993,806580.0,4.56,RSI
2020-12-21,TZOO,0,0.6140578768134553,0.02799697656187449,0.05184558475237282,25.271739130434785,18.538056851141803,32.44500493881118,31.817179165449488,1.4015477159195058,1.7300000000000004,92474.0,9.22,RSI
2020-12-21,TDW,0,0.5989627929759791,0.026579207739814308,0.039542541553875654,42.64705882352941,20.450343467729695,28.545020971603947,24.15151853090978,2.33856280660034,3.379999999999999,426285.0,8.73,RSI
2020-12-21,EAF,0,0.5901815628143443,0.026255259471948674,0.014515853740811914,22.295656103485285,24.02410834174323,11.58562790631295,39.026284797915125,3.1854439128011363,2.824334362934362,1739317.0,8.66,RSI
2020-12-21,DXPE,0,0.6142874246231201,0.025594296747001404,0.02611056381169926,24.87106017191977,26.461337217215572,10.701078396375507,39.68569137300933,3.2429338568639423,3.59,58523.0,21.79,RSI
2020-12-21,TRMT,0,0.6164484204290573,0.024710782495698795,0.04073698812799842,59.0285938112025,28.08828738079586,12.876404073780648,52.397417026559744,0.9223994180400368,0.8915851047630219,70559.0,4.06,RSI
2020-12-21,TLYS,0,0.6051291797470252,0.02305652967020081,0.01988795305192914,13.764044943820217,29.560881703513303,18.964363546269496,20.464135021096677,1.2338217051103095,1.5799999999999992,354700.0,8.1,RSI
2020-12-21,OBNK,0,0.6141241149162215,0.022300000776107422,0.03259091262090775,14.763077427340429,25.141928154915888,22.414786998884082,49.901768172887785,4.447900628386108,5.09,135127.0,26.61,RSI
2020-12-21,BWFG,0,0.606942655795223,0.021842917815733807,0.02816638767309993,24.025631963939222,29.509041388840217,25.355699789290597,41.35719601167905,2.4838510422294533,2.150000000000002,18381.0,18.6,RSI
2020-12-21,CAI,0,0.5935223182258461,0.021005029778665592,0.023423922848452502,12.311722331368697,26.63252756727806,16.788522251446196,20.281278303584465,4.258513607165451,5.752655014511447,567953.0,30.87,RSI
2020-12-21,CPLG,0,0.6153785593096657,0.020877586873915527,0.01919402535474448,15.10128913443831,18.438507691061304,0.0,13.032990974167355,1.1601999827615401,1.4400000000000004,166445.0,6.25,RSI
2020-12-21,ACNB,0,0.6150780985280759,0.02069687378086291,0.024238793196210764,21.063268128064053,21.704912696220532,22.310182815006613,32.92731432145171,3.8345061685164623,3.879999999999999,28379.0,25.04,RSI
2020-12-21,BFS,0,0.6021689167301172,0.020471886216565077,0.030081105342754433,21.56119742326638,29.311140283914142,23.856067062636882,50.62116121875345,3.4837703713043418,4.639999999999997,51053.0,32.08,RSI
2020-12-21,ANGO,0,0.6125211142618308,0.020256177023896205,0.025441510902927282,20.608695652173907,25.65531879523259,25.75941509873843,29.40772473820181,2.724539594133333,3.4000000000000004,246873.0,13.87,RSI
2020-12-21,UBA,0,0.6119767711857196,0.019298549228957462,0.025073004208317748,44.03765690376568,26.481691748027416,19.13653767108397,23.082200758599594,1.102150624913257,1.9100000000000001,221728.0,13.77,RSI
2020-12-21,FBIZ,0,0.6092140954301659,0.01910602021524699,0.01606595375866477,10.54909838809967,28.9558689249575,29.97310108639431,34.74668892118493,2.341947053201004,2.5764999999999993,14918.0,18.49,RSI
2020-12-21,THR,0,0.6142394929666847,0.018963527088124016,0.01820266926052951,29.06486941870262,26.781441131489487,0.0,52.53146959274839,3.2925242595942947,3.4700000000000006,98053.0,15.32,RSI
2020-12-21,UNTY,0,0.6132004937041446,0.016361714448611574,0.012736249577408824,29.090027235757194,27.05581040447892,17.750050593187595,42.8556805066961,1.9086879735582158,2.857826716738197,11630.0,17.3,RSI
2020-12-21,PFBI,0,0.6070370418676186,0.015508825126617734,0.014758411672230742,25.258111758980473,29.2989323842682,20.983942594981656,45.61610652364991,1.3941529228903917,1.8887496619083421,26390.0,13.77,RSI
2020-12-21,TPRE,0,0.6200476432151517,0.015268514307415399,0.02138551423212246,14.500000000000002,24.182781206786686,26.887958602693132,20.629296711427767,0.6510176648905528,0.9100000000000001,291492.0,9.16,RSI
2020-12-21,IROQ,0,0.6144571443710514,0.013414781980836617,0.024371435452899035,25.37313432835821,26.19118188228201,13.036311494139113,54.795857737034275,2.0288824510066092,1.7899999999999991,2945.0,21.0,RSI
2020-12-21,FMNB,0,0.6144859711904757,0.013265855327818151,0.022850839992090418,14.626959631375088,26.513977605418702,18.565920511737218,66.02779147953218,1.3955761332153642,1.4209387559808597,32191.0,13.11,RSI
2020-12-21,LBAI,0,0.6143938505933488,0.013256420949053249,0.016778088742094896,17.943673539551718,27.734159370583825,21.60822515819683,53.259259259259636,0.9592413669171478,1.1999999999999993,160217.0,12.35,RSI
2020-12-21,MLVF,0,0.6151679926593927,0.008672751864715465,0.007721730371105628,30.879999999999995,19.69210852015445,0.0,51.435759209343836,2.558057857047473,2.5200000000000014,4911.0,16.36,RSI
